id,u,v
0,4036,1238
1,479,1402
2,362,1214
3,1617,1437
4,2022,1215
5,347,1368
6,590,1402
7,443,1388
8,4132,1287
9,2099,1367
10,4068,1254
11,3096,738
12,270,1217
13,4122,1254
14,2359,1341
15,448,1409
16,4382,936
17,446,1409
18,2044,1341
19,2141,1187
20,1512,944
21,2114,1187
22,2333,1307
23,2772,945
24,1735,2209
25,3770,621
26,474,1367
27,3906,1749
28,2014,1347
29,3096,731
30,4083,1774
31,308,1341
32,3349,1166
33,4146,1288
34,553,1436
35,303,1218
36,2816,1123
37,317,1333
38,414,1367
39,3332,1123
40,394,1367
41,3337,1123
42,4361,1273
43,225,1333
44,511,1436
45,1517,1186
46,2221,1445
47,2254,1469
48,312,1326
49,2073,1336
50,2366,1470
51,4453,933
52,3351,1169
53,4088,1266
54,1966,664
55,375,1298
56,1077,1426
57,4567,888
58,269,1298
59,2042,1343
60,2038,833
61,294,1321
62,1408,1047
63,1504,1167
64,4472,933
65,3794,945
66,1311,2014
67,304,1347
68,3968,2510
69,508,1368
70,3796,945
71,1481,1137
72,304,1306
73,4142,1282
74,1462,1113
75,2338,1289
76,265,1306
77,3934,1744
78,4271,986
79,3971,1145
80,368,1369
81,3915,1737
82,2360,1289
83,4489,931
84,1814,2237
85,521,1435
86,464,1396
87,1359,1002
88,982,1434
89,412,1395
90,4112,1268
91,2641,1365
92,519,1434
93,1370,1010
94,1543,1222
95,1357,1000
96,382,1382
97,2094,1528
98,291,1322
99,429,1382
100,287,1309
101,4087,1258
102,449,1382
103,622,1793
104,3355,1146
105,1082,1631
106,2375,1305
107,248,1346
108,2354,1305
109,3414,1667
110,1112,1415
111,3953,1086
112,4175,2118
113,3352,1154
114,3979,1792
115,4397,943
116,324,1320
117,565,1305
118,1464,1115
119,4468,937
120,4030,1231
121,580,1365
122,1698,1396
123,1372,1013
124,1677,1382
125,285,1327
126,1264,1563
127,414,1390
128,4369,985
129,2763,1304
130,1406,1045
131,3972,1062
132,2761,1304
133,4198,1231
134,4092,1259
135,1854,957
136,261,1310
137,469,1304
138,336,1383
139,331,1260
140,3959,2508
141,768,1383
142,321,1310
143,3738,1792
144,705,1415
145,4216,997
146,2070,1371
147,1552,1235
148,4026,1235
149,527,1290
150,2187,1319
151,3872,1745
152,3864,1699
153,2338,1345
154,652,1413
155,343,1332
156,4179,1879
157,1816,2239
158,2128,1363
159,3880,1703
160,376,1363
161,1017,1446
162,1204,1547
163,307,1332
164,405,1372
165,4290,995
166,307,1293
167,3741,1791
168,4031,1237
169,2432,1303
170,2338,1339
171,2114,1372
172,329,1319
173,347,1330
174,1511,1178
175,4337,1240
176,4447,925
177,282,1241
178,221,1332
179,417,1397
180,428,1373
181,4022,1241
182,2131,1327
183,3796,943
184,4090,1261
185,1888,1553
186,3907,1760
187,430,1374
188,3325,1134
189,439,1397
190,406,1387
191,3874,1711
192,340,1344
193,2073,1374
194,486,1397
195,554,1431
196,4032,1245
197,514,1431
198,2371,1302
199,424,1391
200,4110,1018
201,4120,1275
202,656,1339
203,403,1391
204,4042,1245
205,264,1263
206,4304,993
207,4173,1872
208,237,1312
209,549,1447
210,4409,925
211,1473,1127
212,1770,2239
213,318,1312
214,462,1400
215,412,1389
216,1318,1020
217,416,1247
218,4052,1247
219,228,1248
220,486,1421
221,4129,1275
222,4067,1176
223,2044,1343
224,595,1421
225,3318,1119
226,2347,1249
227,3697,876
228,2350,1301
229,241,1295
230,343,1339
231,4406,925
232,377,1376
233,281,1318
234,436,1376
235,383,1250
236,500,1403
237,665,1376
238,2261,1447
239,4476,917
240,2387,1294
241,428,1410
242,302,1339
243,3856,941
244,2298,1294
245,459,1410
246,4019,1816
247,2102,1331
248,285,1313
249,1436,1080
250,450,1405
251,3247,1646
252,4385,865
253,2351,1252
254,2246,1294
255,266,1253
256,4390,991
257,338,1313
258,1454,1102
259,1132,1727
260,3206,1449
261,4066,1253
262,4122,1101
263,3324,1129
264,1357,1914
265,3918,1730
266,3342,1129
267,536,1294
268,3972,1149
269,3232,961
270,438,1405
271,544,1328
272,4330,991
273,547,1451
274,264,1265
275,388,1377
276,497,1422
277,2315,1342
278,1425,1067
279,4495,916
280,231,1314
281,309,1354
282,4291,990
283,439,1292
284,322,1331
285,484,1419
286,1133,1422
287,2156,1359
288,2822,881
289,4372,941
290,4481,936
291,1361,1913
292,4368,989
293,482,1355
294,381,1354
295,352,1359
296,1418,1059
297,1387,1026
298,4436,930
299,327,1342
300,3769,627
301,2187,1355
302,310,1352
303,2255,1451
304,374,1379
305,1039,1414
306,324,1314
307,3966,1067
308,4457,947
309,3347,1122
310,3098,692
311,404,1379
312,3304,1451
313,4391,936
314,2761,1266
315,4135,1265
316,3326,1130
317,2070,1338
318,4177,1881
319,3430,1713
320,329,1316
321,3345,1172
322,260,1315
323,2380,1337
324,1227,1452
325,484,1425
326,488,1293
327,1427,1068
328,2805,880
329,490,1427
330,4392,934
331,3854,942
332,283,1329
333,631,1418
334,3751,1786
335,2787,880
336,4480,909
337,2781,880
338,2774,880
339,360,1353
340,3136,1398
341,2304,1456
342,3992,1037
343,1491,1152
344,3839,874
345,1536,1213
346,329,1213
347,1602,929
348,1498,977
349,2226,1443
350,517,1438
351,728,1387
352,3991,2202
353,601,1404
354,4102,932
355,646,1335
356,448,1404
357,2826,780
358,3354,1164
359,286,1273
360,3194,1796
361,525,1442
362,1531,1207
363,688,1439
364,4149,1286
365,4127,1284
366,2038,1199
367,286,1334
368,308,1325
369,2327,1198
370,311,1334
371,2231,1441
372,1482,1139
373,477,1406
374,550,1441
375,4442,928
376,1522,1195
377,4435,932
378,251,1271
379,1121,1698
380,4013,1798
381,2043,1193
382,1521,1193
383,650,1831
384,2159,1323
385,1444,1089
386,474,1416
387,3958,1089
388,1775,2238
389,3336,1139
390,3339,1139
391,4142,1285
392,3346,1139
393,3301,1486
394,2302,1486
395,3714,1804
396,3972,1139
397,4307,992
398,1417,1057
399,3331,1139
400,2420,1485
401,3959,1092
402,3950,1079
403,4446,928
404,4095,2495
405,3102,625
406,2336,1289
407,1798,2232
408,4163,1292
409,1381,1907
410,1321,2035
411,2583,1532
412,1225,1988
413,4127,930
414,4052,1252
415,4413,991
416,235,1252
417,662,1850
418,1196,1944
419,1155,1744
420,988,1715
421,3350,1175
422,317,1360
423,3095,755
424,1898,1609
425,4470,911
426,960,1503
427,300,1301
428,1144,1715
429,4572,1147
430,4032,1775
431,719,1454
432,1522,2133
433,1179,1964
434,233,1318
435,1172,1715
436,292,1343
437,3201,1826
438,2215,1301
439,2414,1301
440,3959,1877
441,3082,1393
442,578,1747
443,1625,924
444,1864,1952
445,312,1315
446,4148,1295
447,1324,2029
448,4061,1246
449,325,1362
450,3815,1780
451,1683,568
452,1375,1920
453,1133,1706
454,4337,993
455,2207,1403
456,4030,1245
457,1306,2022
458,4349,993
459,1764,2219
460,1377,1904
461,420,1397
462,2289,1344
463,646,1816
464,4453,930
465,309,1350
466,324,1311
467,1950,1675
468,1030,1501
469,303,1282
470,3104,593
471,1370,1917
472,232,1268
473,2039,782
474,3102,633
475,3108,1399
476,3910,1721
477,4030,1778
478,4027,1786
479,4124,1283
480,2378,1339
481,350,1326
482,1812,2252
483,4218,1879
484,3102,635
485,1782,2240
486,1317,2040
487,326,1327
488,2006,766
489,4138,2139
490,3099,683
491,2103,1371
492,1360,1903
493,339,1216
494,317,1304
495,3646,1539
496,4164,1233
497,1036,1531
498,1980,1779
499,1884,1914
500,1155,1740
501,291,1297
502,2223,1297
503,2988,640
504,4219,986
505,3989,1114
506,591,1763
507,1139,1941
508,604,1757
509,426,1307
510,1845,1902
511,3104,595
512,2791,999
513,1889,1859
514,2728,729
515,3094,769
516,3099,676
517,3095,761
518,4086,1225
519,4207,1982
520,3093,785
521,1647,920
522,596,1745
523,2347,1420
524,651,1392
525,4331,987
526,4160,1297
527,4451,936
528,2651,1468
529,1642,1369
530,240,1321
531,584,1729
532,3990,1756
533,295,1306
534,3098,700
535,4138,1220
536,433,1413
537,909,1409
538,1160,1709
539,2756,1298
540,3758,1785
541,369,1283
542,4494,933
543,1434,1078
544,1133,1710
545,1024,1527
546,3482,1558
547,1808,2236
548,1966,662
549,3346,1161
550,3335,1458
551,4050,1200
552,377,1358
553,352,1325
554,3777,598
555,4101,1272
556,4172,1265
557,2360,1338
558,1526,1199
559,1251,2002
560,3097,1387
561,2038,802
562,644,1807
563,312,1323
564,2738,501
565,3095,753
566,368,1285
567,583,1354
568,3826,1697
569,2670,833
570,3102,627
571,1175,1698
572,3948,1080
573,281,1342
574,278,1271
575,4082,1265
576,1121,1702
577,1145,1718
578,242,1317
579,3095,747
580,653,1840
581,1169,1732
582,1156,1800
583,329,1193
584,1066,1423
585,3628,1546
586,1183,1743
587,4114,931
588,4511,892
589,257,1292
590,2741,1154
591,2752,777
592,1123,1701
593,3726,1799
594,366,1337
595,3349,1139
596,366,1331
597,4140,1291
598,3907,1736
599,3344,1129
600,282,1294
601,4140,930
602,2004,1256
603,242,1314
604,1892,1856
605,276,1339
606,965,1506
607,4425,928
608,1678,1687
609,3101,650
610,1305,2024
611,1966,651
612,1150,1681
613,1220,1985
614,336,1346
615,311,1302
616,248,1309
617,1114,1771
618,4118,931
619,3393,1454
620,1180,1761
621,2631,878
622,4270,997
623,4074,1261
624,1172,1717
625,2790,779
626,2247,432
627,256,1231
628,666,1834
629,614,1781
630,2772,903
631,246,1345
632,1157,1727
633,3517,1728
634,340,1363
635,1238,1995
636,674,1365
637,1916,1813
638,2732,574
639,2367,1175
640,2988,649
641,2028,735
642,4192,1242
643,1180,1741
644,3108,514
645,1375,1926
646,360,1330
647,1301,1998
648,1162,1689
649,1201,1571
650,1517,1335
651,1139,1672
652,1156.8,1933.2
653,1222.8,1958.4
654,331.2,1260
655,421.2,1416
656,2827.2,780
657,238.8,1321.2
658,4114.8,931.2
659,3325.2,1134
660,2140.8,1186.8
661,2028,1208.4
662,4567.2,888
663,1135.2,1689.6
664,3346.8,1122
665,2113.2,1371.6
666,4198.8,1231.2
667,475.2,1419.6
668,1311.6,2013.6
669,1480.8,1136.4
670,294,1320
671,2337.6,1288.8
672,1167.6,1956
673,483.6,1424.4
674,404.4,1371.6
675,4290,994.8
676,2359.2,1288.8
677,4032,1774.8
678,1182,1742.4
679,2420.4,1484.4
680,375.6,1298.4
681,1141.2,1437.6
682,3318,1119.6
683,268.8,1298.4
684,2186.4,1318.8
685,500.4,1404
686,1305.6,2022
687,768,1383.6
688,4269.6,996
689,328.8,1318.8
690,280.8,1318.8
691,1323.6,2028
692,1863.6,1951.2
693,1023.6,1526.4
694,1774.8,2238
695,2013.6,1346.4
696,3918,1730.4
697,4216.8,997.2
698,1813.2,2238
699,601.2,1404
700,1320,2035.2
701,310.8,1334.4
702,1815.6,2238
703,1317.6,2038.8
704,4390.8,936
705,1132.8,1806
706,285.6,1334.4
707,548.4,1447.2
708,2037.6,1200
709,2037.6,766.8
710,643.2,1807.2
711,3200.4,1826.4
712,3096,722.4
713,3103.2,601.2
714,2791.2,999.6
715,343.2,1338
716,4270.8,986.4
717,241.2,1317.6
718,232.8,1317.6
719,3906,1749.6
720,1462.8,1114.8
721,349.2,1209.6
722,349.2,1364.4
723,4480.8,936
724,2006.4,765.6
725,1480.8,1138.8
726,3338.4,1138.8
727,3345.6,1138.8
728,1770,2239.2
729,328.8,1316.4
730,2224.8,1443.6
731,3973.2,1138.8
732,2350.8,1252.8
733,2038.8,782.4
734,3307.2,1447.2
735,2011.2,1227.6
736,1196.4,1944
737,2220,1446
738,362.4,1214.4
739,4140,930
740,255.6,1231.2
741,259.2,1315.2
742,4062,1825.2
743,2301.6,1485.6
744,2547.6,198
745,1358.4,1002
746,1807.2,2235.6
747,297.6,1300.8
748,2092.8,1527.6
749,3106.8,529.2
750,4062,1255.2
751,490.8,1426.8
752,954,1482
753,1138.8,1940.4
754,1125.6,1442.4
755,2004,1255.2
756,1375.2,1918.8
757,405.6,1387.2
758,3103.2,594
759,3097.2,698.4
760,4101.6,1270.8
761,1616.4,1436.4
762,334.8,1346.4
763,4365.6,1275.6
764,1368,2076
765,960,1502.4
766,442.8,1387.2
767,583.2,1730.4
768,298.8,1344
769,4120.8,1254
770,2108.4,1374
771,3098.4,682.8
772,393.6,1359.6
773,3758.4,1784.4
774,225.6,1887.6
775,727.2,1387.2
776,4030.8,1230
777,3096,730.8
778,1358.4,1903.2
779,1542,1222.8
780,507.6,1368
781,250.8,1272
782,1134,1934.4
783,3352.8,1177.2
784,3100.8,650.4
785,1840.8,2313.6
786,1453.2,1101.6
787,3970.8,1144.8
788,231.6,1267.2
789,3102,2300.4
790,3097.2,1387.2
791,367.2,1368
792,360,1330.8
793,4381.2,937.2
794,346.8,1368
795,3973.2,1770
796,2246.4,432
797,4128,866.4
798,3355.2,1146
799,2156.4,1364.4
800,4066.8,1254
801,318,1311.6
802,3300,1483.2
803,111.6,1420.8
804,3229.2,964.8
805,3864,872.4
806,2292,1491.6
807,2900.4,1348.8
808,4174.8,2118
809,3094.8,753.6
810,4291.2,990
811,4092,1260
812,2215.2,1302
813,3972,1148.4
814,1111.2,1414.8
815,283.2,1328.4
816,2098.8,1366.8
817,411.6,1389.6
818,3943.2,1747.2
819,2780.4,880.8
820,2810.4,901.2
821,619.2,1326
822,4094.4,2494.8
823,1602,928.8
824,321.6,1310.4
825,2805.6,880.8
826,3864,874.8
827,1093.2,1639.2
828,1120.8,1698
829,4467.6,938.4
830,4014,1803.6
831,3888,1201.2
832,4441.2,927.6
833,2822.4,880.8
834,358.8,1328.4
835,1490.4,1152
836,2204.4,1309.2
837,1716,1494
838,338.4,1312.8
839,474,1366.8
840,414,1366.8
841,393.6,1366.8
842,3354,1156.8
843,630,1792.8
844,410.4,1309.2
845,266.4,1252.8
846,870,1382.4
847,1887.6,1554
848,1065.6,1423.2
849,4360.8,1273.2
850,2640,1365.6
851,1443.6,1089.6
852,2102.4,1370.4
853,4118.4,1274.4
854,3094.8,762
855,4082.4,1773.6
856,1371.6,1012.8
857,246,1344
858,2760,1266
859,1138.8,1447.2
860,3100.8,640.8
861,448.8,1382.4
862,381.6,1382.4
863,336,1382.4
864,1676.4,1381.2
865,428.4,1381.2
866,1369.2,1916.4
867,3350.4,1154.4
868,219.6,1261.2
869,2583.6,1532.4
870,3826.8,1698
871,4383.6,864
872,2788.8,778.8
873,1516.8,1186.8
874,403.2,1390.8
875,651.6,1412.4
876,1357.2,1914
877,404.4,1378.8
878,374.4,1378.8
879,579.6,1364.4
880,460.8,1914
881,519.6,1438.8
882,1599.6,1971.6
883,3344.4,1129.2
884,3342,1129.2
885,1362,1912.8
886,1525.2,1200
887,4129.2,1275.6
888,3326.4,1129.2
889,3324,1129.2
890,2332.8,1306.8
891,265.2,1263.6
892,2127.6,1363.2
893,422.4,1251.6
894,235.2,1251.6
895,2988,639.6
896,426,1306.8
897,3948,1081.2
898,374.4,1363.2
899,4452,933.6
900,3838.8,873.6
901,303.6,1306.8
902,3915.6,1736.4
903,4392,933.6
904,1214.4,1977.6
905,1282.8,1573.2
906,264,1306.8
907,3247.2,1645.2
908,3345.6,1160.4
909,435.6,1376.4
910,2251.2,1452
911,2752.8,776.4
912,655.2,1340.4
913,424.8,1392
914,388.8,1376.4
915,376.8,1376.4
916,1965.6,662.4
917,3864,1699.2
918,3968.4,2509.2
919,4389.6,991.2
920,382.8,1250.4
921,651.6,1392
922,664.8,1375.2
923,1224,1988.4
924,4320,992.4
925,1226.4,1452
926,2072.4,1374
927,1375.2,1904.4
928,1435.2,1080
929,4110,1018.8
930,2372.4,1513.2
931,3958.8,2508
932,4135.2,1264.8
933,1472.4,1126.8
934,1318.8,1020
935,3697.2,876
936,2353.2,1305.6
937,4492.8,932.4
938,4472.4,932.4
939,3303.6,1450.8
940,704.4,1414.8
941,4408.8,925.2
942,1243.2,1996.8
943,4435.2,932.4
944,4405.2,925.2
945,3991.2,2202
946,4372.8,940.8
947,410.4,1393.2
948,474,1416
949,3102,634.8
950,1734,2209.2
951,1741.2,2211.6
952,630,1417.2
953,340.8,1362
954,2157.6,1322.4
955,2254.8,1450.8
956,4102.8,932.4
957,496.8,1422
958,325.2,1362
959,3352.8,1164
960,3096,738
961,4171.2,1264.8
962,3414,1665.6
963,1764,2218.8
964,2762.4,1304.4
965,1498.8,976.8
966,553.2,1430.4
967,428.4,1374
968,2314.8,1341.6
969,552,1436.4
970,1256.4,2005.2
971,2374.8,1304.4
972,4088.4,1266
973,595.2,1420.8
974,565.2,1304.4
975,1426.8,1068
976,469.2,1304.4
977,3337.2,1123.2
978,3964.8,1066.8
979,3349.2,1165.2
980,1387.2,1026
981,511.2,1435.2
982,4303.2,993.6
983,308.4,1324.8
984,2070,1372.8
985,2156.4,1359.6
986,3879.6,1701.6
987,2631.6,877.2
988,1502.4,1167.6
989,4489.2,931.2
990,3134.4,2229.6
991,228,1248
992,3331.2,1123.2
993,4126.8,931.2
994,2816.4,1123.2
995,302.4,1281.6
996,316.8,1359.6
997,3350.4,1168.8
998,1797.6,2232
999,417.6,1396.8
1000,486,1396.8
1001,517.2,1438.8
1002,513.6,1431.6
1003,313.2,1326
1004,2386.8,1293.6
1005,325.2,1326
1006,4026,1234.8
1007,352.8,1326
1008,2326.8,1197.6
1009,3854.4,942
1010,2358,1341.6
1011,650.4,1830
1012,2010,1237.2
1013,2337.6,1339.2
1014,3345.6,1172.4
1015,1202.4,1467.6
1016,1131.6,1726.8
1017,4051.2,1246.8
1018,4030.8,1237.2
1019,603.6,1756.8
1020,547.2,1450.8
1021,1698,1396.8
1022,666,1834.8
1023,4124.4,1282.8
1024,2230.8,1441.2
1025,4021.2,1702.8
1026,1512,943.2
1027,240,1294.8
1028,2043.6,1340.4
1029,3769.2,627.6
1030,3776.4,598.8
1031,3430.8,1713.6
1032,1417.2,1058.4
1033,352.8,1358.4
1034,378,1357.2
1035,482.4,1356
1036,4137.6,1220.4
1037,2130,1326
1038,3102,626.4
1039,2136,1195.2
1040,2187.6,1354.8
1041,2431.2,1302
1042,327.6,1342.8
1043,652.8,1839.6
1044,2002.8,723.6
1045,4495.2,915.6
1046,2371.2,1302
1047,718.8,1398
1048,970.8,1495.2
1049,302.4,1218
1050,380.4,1354.8
1051,3907.2,1760.4
1052,3136.8,1398
1053,3349.2,1174.8
1054,2245.2,1293.6
1055,4034.4,1238.4
1056,2349.6,1302
1057,3697.2,1789.2
1058,339.6,1344
1059,2254.8,1468.8
1060,487.2,1292.4
1061,2037.6,802.8
1062,3740.4,1790.4
1063,439.2,1292.4
1064,2298,1294.8
1065,4480.8,908.4
1066,590.4,1761.6
1067,307.2,1292.4
1068,463.2,1399.2
1069,360,1353.6
1070,622.8,1791.6
1071,2359.2,1338
1072,4148.4,1294.8
1073,687.6,1438.8
1074,368.4,1285.2
1075,3795.6,943.2
1076,3873.6,1710
1077,428.4,1411.2
1078,1407.6,1047.6
1079,4456.8,946.8
1080,4050,1201.2
1081,543.6,1328.4
1082,415.2,1246.8
1083,4398,943.2
1084,3738,1791.6
1085,4161.6,1291.2
1086,2289.6,1344
1087,308.4,1353.6
1088,3979.2,1791.6
1089,645.6,1816.8
1090,2043.6,1192.8
1091,2380.8,1336.8
1092,4141.2,1285.2
1093,988.8,1714.8
1094,4060.8,1245.6
1095,982.8,1434
1096,595.2,1746
1097,578.4,1746
1098,4066.8,1176
1099,4336.8,1239.6
1100,4148.4,1285.2
1101,2670,834
1102,338.4,1216.8
1103,300,1300.8
1104,4179.6,1882.8
1105,4454.4,920.4
1106,366,1336.8
1107,2336.4,1344
1108,2044.8,834
1109,2038.8,834
1110,633.6,1437.6
1111,582,1352.4
1112,280.8,1240.8
1113,346.8,1330.8
1114,270,1216.8
1115,1548,1240.8
1116,1510.8,1178.4
1117,525.6,1441.2
1118,3872.4,1744.8
1119,662.4,1849.2
1120,3933.6,1743.6
1121,589.2,1401.6
1122,4022.4,1240.8
1123,679.2,1850.4
1124,4086,1224
1125,1132.8,1422
1126,328.8,1192.8
1127,2260.8,1447.2
1128,2731.2,573.6
1129,280.8,1341.6
1130,4018.8,1815.6
1131,1114.8,1770
1132,477.6,1402.8
1133,366,1330.8
1134,476.4,1406.4
1135,2020.8,1214.4
1136,1551.6,1234.8
1137,1536,1214.4
1138,4131.6,1286.4
1139,2072.4,1335.6
1140,2347.2,1420.8
1141,3193.2,1796.4
1142,2101.2,1330.8
1143,4041.6,1244.4
1144,2318.4,1291.2
1145,248.4,1345.2
1146,1854,958.8
1147,1017.6,1446
1148,328.8,1213.2
1149,4030.8,1244.4
1150,1132.8,1706.4
1151,4164,1233.6
1152,2206.8,1402.8
1153,484.8,1420.8
1154,291.6,1297.2
1155,220.8,1332
1156,459.6,1410
1157,536.4,1293.6
1158,3727.2,1798.8
1159,4012.8,1798.8
1160,2114.4,1188
1161,964.8,1504.8
1162,2221.2,1297.2
1163,645.6,1335.6
1164,1530,1207.2
1165,224.4,1333.2
1166,439.2,1405.2
1167,4467.6,910.8
1168,3909.6,1720.8
1169,4476,916.8
1170,909.6,1410
1171,4173.6,1873.2
1172,307.2,1333.2
1173,1888.8,1858.8
1174,2011.2,1347.6
1175,631.2,1803.6
1176,525.6,1290
1177,1192.8,1465.2
1178,3714,1803.6
1179,2145.6,1182
1180,1174.8,1809.6
1181,2263.2,1346.4
1182,447.6,1408.8
1183,447.6,1404
1184,2754,1488
1185,3204,2317.2
1186,571.2,1298.4
1187,1794,2094
1188,2055.6,1038
1189,1683.6,567.6
1190,3094.8,746.4
1191,278.4,1269.6
1192,1156.8,1848
1193,3223.2,2365.2
1194,1144.8,1714.8
1195,2072.16,1336.32
1196,4380.48,937.44
1197,4384.8,938.88
1198,2301.12,1484.64
1199,465.12,1396.8
1200,437.76,1396.8
1201,3906.72,1749.6
1202,486.72,1291.68
1203,4468.32,938.88
1204,264.96,1262.88
1205,374.4,1378.08
1206,2759.04,1265.76
1207,1369.44,1010.88
1208,725.76,1386.72
1209,601.92,1404
1210,656.64,1340.64
1211,2043.36,1340.64
1212,3412.8,1666.08
1213,2037.6,1199.52
1214,4118.4,1274.4
1215,4361.76,1274.4
1216,3317.76,1118.88
1217,442.08,1386.72
1218,404.64,1386.72
1219,3738.24,1791.36
1220,2350.08,1301.76
1221,2043.36,1192.32
1222,3346.56,1172.16
1223,525.6,1290.24
1224,4173.12,1873.44
1225,496.8,1421.28
1226,388.8,1376.64
1227,374.4,1363.68
1228,2371.68,1301.76
1229,512.64,1431.36
1230,478.08,1402.56
1231,2157.12,1321.92
1232,2230.56,1441.44
1233,2255.04,1467.36
1234,3972.96,1137.6
1235,352.8,1357.92
1236,2099.52,1368
1237,3348,1123.2
1238,3337.92,1123.2
1239,4173.12,2118.24
1240,482.4,1355.04
1241,767.52,1383.84
1242,3713.76,1802.88
1243,665.28,1375.2
1244,410.4,1392.48
1245,3330.72,1123.2
1246,537.12,1294.56
1247,324,1326.24
1248,365.76,1334.88
1249,2185.92,1319.04
1250,2219.04,1444.32
1251,468,1303.2
1252,4269.6,986.4
1253,2260.8,1448.64
1254,360,1353.6
1255,3307.68,1448.64
1256,3873.6,1709.28
1257,347.04,1368
1258,3918.24,1730.88
1259,381.6,1382.4
1260,3864.96,1699.2
1261,393.12,1368
1262,2224.8,1444.32
1263,3716.64,1801.44
1264,583.2,1352.16
1265,483.84,1422.72
1266,2352.96,1304.64
1267,2374.56,1304.64
1268,2013.12,1346.4
1269,525.6,1441.44
1270,2112.48,1372.32
1271,2070.72,1372.32
1272,424.8,1391.04
1273,2255.04,1450.08
1274,367.2,1368
1275,542.88,1329.12
1276,2129.76,1326.24
1277,404.64,1372.32
1278,2100.96,1330.56
1279,3768.48,620.64
1280,2250.72,1452.96
1281,3951.36,1085.76
1282,3906.72,1761.12
1283,3247.2,1645.92
1284,476.64,1405.44
1285,2155.68,1177.92
1286,447.84,1405.44
1287,429.12,1380.96
1288,1548,1241.28
1289,4435.2,931.68
1290,4472.64,931.68
1291,263.52,1306.08
1292,3915.36,1736.64
1293,4042.08,1244.16
1294,551.52,1437.12
1295,4178.88,1880.64
1296,228.96,1247.04
1297,2360.16,1339.2
1298,414.72,1247.04
1299,4050.72,1247.04
1300,1356.48,1000.8
1301,381.6,1249.92
1302,4068,1252.8
1303,286.56,1272.96
1304,3349.44,1163.52
1305,1124.64,1524.96
1306,3310.56,1450.08
1307,3229.92,963.36
1308,1512,943.2
1309,427.68,1411.2
1310,3299.04,1484.64
1311,365.76,1332
1312,2337.12,1288.8
1313,269.28,1298.88
1314,4060.8,1824.48
1315,2246.4,1473.12
1316,4439.52,927.36
1317,1389.6,1029.6
1318,4364.64,1275.84
1319,1769.76,2239.2
1320,303.84,1323.36
1321,1887.84,1553.76
1322,4030.56,1235.52
1323,2092.32,1527.84
1324,3346.56,1137.6
1325,279.36,1241.28
1326,421.92,1241.28
1327,3794.4,943.2
1328,2113.92,1188
1329,4489.92,930.24
1330,326.88,1343.52
1331,4030.56,1775.52
1332,3942.72,1746.72
1333,2204.64,1308.96
1334,2318.4,1290.24
1335,2371.68,1512
1336,1140.48,1438.56
1337,4019.04,1817.28
1338,4452.48,933.12
1339,4492.8,933.12
1340,4407.84,924.48
1341,1157.76,1932.48
1342,2139.84,1186.56
1343,403.2,1391.04
1344,3948.48,1081.44
1345,283.68,1327.68
1346,4475.52,917.28
1347,2335.68,1343.52
1348,1405.44,1045.44
1349,475.2,1419.84
1350,4494.24,915.84
1351,4392,934.56
1352,3978.72,1791.36
1353,264.96,1252.8
1354,362.88,1213.92
1355,2027.52,1208.16
1356,4062.24,1254.24
1357,491.04,1427.04
1358,4456.8,946.08
1359,1814.4,2237.76
1360,302.4,1218.24
1361,3932.64,1743.84
1362,2296.8,1294.56
1363,4373.28,940.32
1364,270.72,1216.8
1365,564.48,1304.64
1366,463.68,1388.16
1367,1733.76,2208.96
1368,704.16,1414.08
1369,2135.52,1195.2
1370,2639.52,1365.12
1371,1697.76,1396.8
1372,257.76,1316.16
1373,413.28,1366.56
1374,1461.6,1113.12
1375,247.68,1344.96
1376,446.4,1408.32
1377,473.76,1366.56
1378,519.84,1434.24
1379,3827.52,1697.76
1380,1480.32,1137.6
1381,485.28,1396.8
1382,280.8,1319.04
1383,380.16,1353.6
1384,649.44,1828.8
1385,3879.36,1702.08
1386,4013.28,1800
1387,3324.96,1133.28
1388,1762.56,2219.04
1389,328.32,1317.6
1390,511.2,1435.68
1391,548.64,1447.2
1392,3888,1199.52
1393,375.84,1298.88
1394,1853.28,959.04
1395,472.32,1415.52
1396,338.4,1313.28
1397,404.64,1378.08
1398,1319.04,2034.72
1399,3307.68,1140.48
1400,3324.96,1128.96
1401,358.56,1329.12
1402,321.12,1311.84
1403,2357.28,1340.64
1404,1676.16,1382.4
1405,3967.2,2509.92
1406,308.16,1353.6
1407,3726.72,1798.56
1408,518.4,1438.56
1409,645.12,1334.88
1410,2292.48,1490.4
1411,439.2,1404
1412,221.76,1330.56
1413,2810.88,901.44
1414,554.4,1429.92
1415,2358.72,1287.36
1416,3337.92,1139.04
1417,3962.88,1091.52
1418,2145.6,1180.8
1419,328.32,1212.48
1420,1357.92,1903.68
1421,2816.64,1123.2
1422,3863.52,872.64
1423,308.16,1293.12
1424,4059.36,1245.6
1425,4337.28,1239.84
1426,3303.36,1450.08
1427,3749.76,1785.6
1428,1357.92,1913.76
1429,588.96,1401.12
1430,4269.6,995.04
1431,2822.4,881.28
1432,1139.04,1447.2
1433,622.08,1792.8
1434,2805.12,881.28
1435,2773.44,879.84
1436,394.56,1359.36
1437,1434.24,1080
1438,2386.08,1293.12
1439,3350.88,1154.88
1440,4121.28,1254.24
1441,2780.64,881.28
1442,964.8,1504.8
1443,3689.28,1795.68
1444,1490.4,1150.56
1445,970.56,1494.72
1446,4066.56,1176.48
1447,4216.32,996.48
1448,3990.24,2200.32
1449,1195.2,1944
1450,652.32,1412.64
1451,3906.72,1735.2
1452,1022.4,1526.4
1453,2187.36,1355.04
1454,2365.92,1470.24
1455,289.44,1326.24
1456,508.32,1368
1457,331.2,1260
1458,3697.92,1788.48
1459,1213.92,1977.12
1460,231.84,1267.2
1461,3706.56,1807.2
1462,3872.16,1743.84
1463,1715.04,1493.28
1464,2761.92,1303.2
1465,273.6,1291.68
1466,224.64,1333.44
1467,459.36,1409.76
1468,257.76,1349.28
1469,3355.2,1146.24
1470,4127.04,866.88
1471,547.2,1450.08
1472,688.32,1438.56
1473,436.32,1375.2
1474,4111.2,1018.08
1475,1416.96,1058.4
1476,2128.32,1363.68
1477,427.68,1373.76
1478,2731.68,573.12
1479,578.88,1363.68
1480,643.68,1808.64
1481,2422.08,1484.64
1482,2583.36,1532.16
1483,439.2,1291.68
1484,1133.28,1422.72
1485,325.44,1360.8
1486,341.28,1360.8
1487,590.4,1761.12
1488,256.32,1231.2
1489,421.92,1415.52
1490,302.4,1280.16
1491,1133.28,1933.92
1492,578.88,1745.28
1493,2157.12,1359.36
1494,1110.24,1415.52
1495,241.92,1317.6
1496,336.96,1382.4
1497,4082.4,1774.08
1498,1486.08,1814.4
1499,1242.72,1997.28
1500,459.36,1913.76
1501,499.68,1404
1502,3768.48,627.84
1503,1255.68,2004.48
1504,368.64,1284.48
1505,1222.56,1958.4
1506,239.04,1320.48
1507,1540.8,1222.56
1508,1224,1987.2
1509,630.72,1416.96
1510,234.72,1251.36
1511,417.6,1396.8
1512,421.92,1251.36
1513,1212.48,1980
1514,4049.28,1200.96
1515,1270.08,1975.68
1516,439.2,1378.08
1517,3103.2,2301.12
1518,910.08,1409.76
1519,650.88,1392.48
1520,2003.04,722.88
1521,256.32,1344.96
1522,3353.76,1164.96
1523,2010.24,1236.96
1524,3349.44,1175.04
1525,4397.76,943.2
1526,3120.48,2285.28
1527,4197.6,1231.2
1528,3150.72,2324.16
1529,2430.72,1301.76
1530,1501.92,1167.84
1531,1550.88,1234.08
1532,652.32,1838.88
1533,596.16,1421.28
1534,619.2,1326.24
1535,3185.28,2351.52
1536,2289.6,1349.28
1537,1173.6,1810.08
1538,280.8,1340.64
1539,3758.4,1784.16
1540,4148.64,1294.56
1541,3155.04,2255.04
1542,662.4,1848.96
1543,1116,1768.32
1544,583.2,1730.88
1545,1130.4,1723.68
1546,1018.08,1445.76
1547,3346.56,1160.64
1548,3798.72,627.84
1549,2223.36,1438.56
1550,596.16,1746.72
1551,3100.32,642.24
1552,3430.08,1713.6
1553,1300.32,1998.72
1554,3503.52,1733.76
1555,718.56,1396.8
1556,3983.04,948.96
1557,4135.68,1219.68
1558,1452.96,1101.6
1559,1471.68,1127.52
1560,1131.84,1936.8
1561,1442.88,1090.08
1562,632.16,1802.88
1563,4468.32,910.08
1564,675.36,1851.84
1565,2314.08,1346.4
1566,2039.04,833.76
1567,1317.6,2039.04
1568,1599.84,1971.36
1569,4289.76,993.6
1570,1139.04,1941.12
1571,3134.88,2229.12
1572,2754.72,567.36
1573,1740.96,2211.84
1574,2037.6,767.52
1575,603.36,1756.8
1576,3353.76,1156.32
1577,1160.64,1935.36
1578,617.76,1795.68
1579,3964.32,1067.04
1580,1195.2,1883.52
1581,982.08,1434.24
1582,1425.6,1068.48
1583,3840.48,874.08
1584,4131.36,1285.92
1585,1193.76,1946.88
1586,3775.68,599.04
1587,1981.44,1778.4
1588,3126.24,2315.52
1589,240.48,1294.56
1590,338.4,1216.8
1591,1319.04,1019.52
1592,4161.6,1291.68
1593,3908.16,1720.8
1594,410.4,1308.96
1595,1296,1870.56
1596,1725.12,548.64
1597,1221.12,1961.28
1598,2263.68,1346.4
1599,2547.36,198.72
1600,3166.56,2291.04
1601,4080.96,1262.88
1602,1175.04,1959.84
1603,324,1301.76
1604,645.12,1817.28
1605,2741.76,1152
1606,3222.72,2365.92
1607,3204,2316.96
1608,3277.44,2334.24
1609,1251.36,2001.6
1610,3100.32,650.88
1611,4093.92,2494.08
1612,270.72,1288.8
1613,4083.84,921.6
1614,1375.2,1903.68
1615,1136.16,1926.72
1616,2126.88,1368
1617,673.92,1365.12
1618,1889.28,1859.04
1619,300.96,1301.76
1620,2787.84,779.04
1621,3068.64,1752.48
1622,3219.84,2256.48
1623,633.6,1437.12
1624,4320,992.16
1625,2753.28,776.16
1626,3204,2246.4
1627,3094.56,761.76
1628,1265.76,1972.8
1629,126.72,1899.36
1630,374.4,1260
1631,2737.44,496.8
1632,1121.76,1700.64
1633,1179.36,1962.72
1634,1306.08,2023.2
1635,492.48,1398.24
1636,2784.96,828
1637,1238.4,1994.4
1638,1794.24,2093.76
1639,1068.48,1792.8
1640,2462.4,262.08
1641,3094.56,753.12
1642,3096,738.72
1643,718.56,1452.96
1644,226.08,1887.84
1645,1131.84,1726.56
1646,2207.52,1402.56
1647,475.2,1418.69
1648,378.432,1354.75
1649,3248.64,1645.06
1650,2049.41,1181.95
1651,509.76,1434.24
1652,2146.18,1181.95
1653,361.152,1354.75
1654,307.584,1353.02
1655,1242.43,1995.84
1656,1890.43,1555.2
1657,1316.74,2039.04
1658,2042.5,1190.59
1659,3829.25,1698.62
1660,2260.22,1448.06
1661,3865.54,1698.62
1662,3207.17,1448.06
1663,546.048,1449.79
1664,3347.14,1171.58
1665,2118.53,1192.32
1666,582.336,1351.3
1667,3768.77,618.624
1668,2135.81,1194.05
1669,3739.39,1790.21
1670,554.688,1425.6
1671,4494.53,915.84
1672,2037.31,1199.23
1673,4218.05,995.328
1674,3941.57,1747.01
1675,2313.79,1346.11
1676,3977.86,1790.21
1677,620.352,1791.94
1678,2013.12,1346.11
1679,3907.01,1750.46
1680,361.152,1346.11
1681,483.84,1423.87
1682,3888,1200.96
1683,3411.07,1665.79
1684,4048.7,1202.69
1685,632.448,1802.3
1686,2026.94,1207.87
1687,4173.12,1420.42
1688,366.336,1375.49
1689,3951.94,1083.46
1690,376.704,1375.49
1691,4173.12,1873.15
1692,328.32,1213.06
1693,364.608,1213.06
1694,2291.33,1491.26
1695,1762.56,2218.75
1696,2020.03,1214.78
1697,271.296,1216.51
1698,2930.69,1344.38
1699,1499.9,976.32
1700,497.664,1420.42
1701,300.672,1218.24
1702,2336.26,1344.38
1703,3347.14,1159.49
1704,390.528,1375.49
1705,4180.03,1881.79
1706,4169.66,1416.96
1707,326.592,1344.38
1708,4475.52,917.568
1709,2039.04,832.896
1710,3907.01,1760.83
1711,247.104,1344.38
1712,2044.22,832.896
1713,3879.36,1702.08
1714,642.816,1809.22
1715,3309.12,1449.79
1716,1114.56,1416.96
1717,2011.39,1225.15
1718,628.992,1416.96
1719,577.152,1745.28
1720,1111.1,1415.23
1721,4014.14,1800.58
1722,255.744,1232.06
1723,2585.09,1532.74
1724,667.008,1375.49
1725,3931.2,1743.55
1726,2315.52,1342.66
1727,1387.58,1026.43
1728,703.296,1415.23
1729,1854.14,959.04
1730,2356.99,1340.93
1731,2042.5,1340.93
1732,656.64,1340.93
1733,1213.06,1978.56
1734,471.744,1415.23
1735,421.632,1415.23
1736,653.184,1413.5
1737,1323.65,2026.94
1738,2360.45,1339.2
1739,649.728,1828.22
1740,3134.59,2229.12
1741,4339.01,1238.98
1742,421.632,1240.7
1743,3976.13,1672.7
1744,3317.76,1119.74
1745,3347.14,1137.02
1746,2337.98,1339.2
1747,281.664,1339.2
1748,428.544,1411.78
1749,1157.76,1933.63
1750,459.648,1410.05
1751,279.936,1242.43
1752,618.624,1795.39
1753,2370.82,1512
1754,1356.48,1000.51
1755,447.552,1406.59
1756,1161.22,1933.63
1757,4453.06,921.024
1758,3487.1,1899.07
1759,603.072,1404.86
1760,1548.29,1242.43
1761,3960.58,2509.06
1762,3870.72,1741.82
1763,2071.87,1335.74
1764,3967.49,2509.06
1765,2728.51,725.76
1766,414.72,1245.89
1767,642.816,1335.74
1768,366.336,1334.02
1769,229.824,1247.62
1770,3716.93,1800.58
1771,374.976,1378.94
1772,3219.26,2256.77
1773,383.616,1380.67
1774,4060.8,1824.77
1775,235.008,1251.07
1776,381.888,1251.07
1777,423.36,1251.07
1778,430.272,1380.67
1779,264.384,1252.8
1780,2246.4,1473.98
1781,3691.01,1795.39
1782,499.392,1403.14
1783,1140.48,1940.54
1784,476.928,1403.14
1785,4062.53,1254.53
1786,1733.18,2208.38
1787,4119.55,1254.53
1788,331.776,1259.71
1789,2818.37,1123.2
1790,2101.25,1330.56
1791,3983.04,948.672
1792,266.112,1263.17
1793,1741.82,2211.84
1794,2759.62,1264.9
1795,221.184,1330.56
1796,231.552,1266.62
1797,2358.72,188.352
1798,336.96,1382.4
1799,1724.54,544.32
1800,3329.86,1123.2
1801,4458.24,945.216
1802,542.592,1328.83
1803,357.696,1328.83
1804,1266.62,1973.38
1805,1814.4,2239.49
1806,4408.13,926.208
1807,286.848,1273.54
1808,618.624,1327.1
1809,3120.77,2286.14
1810,2128.9,1325.38
1811,4361.47,1273.54
1812,4364.93,1275.26
1813,4491.07,927.936
1814,447.552,1382.4
1815,1676.16,1382.4
1816,2156.54,1321.92
1817,767.232,1384.13
1818,238.464,1320.19
1819,2184.19,1318.46
1820,1252.8,2002.75
1821,1124.93,1525.82
1822,1510.27,943.488
1823,2336.26,1287.36
1824,2358.72,1287.36
1825,4399.49,941.76
1826,442.368,1385.86
1827,509.76,1385.86
1828,3309.12,1138.75
1829,1283.9,1574.21
1830,4473.79,929.664
1831,328.32,1316.74
1832,336.96,1311.55
1833,3919.1,1731.46
1834,2255.04,1467.07
1835,4435.78,931.392
1836,492.48,1397.95
1837,2204.93,1308.1
1838,3974.4,1137.02
1839,523.584,1290.82
1840,483.84,1397.95
1841,402.624,1387.58
1842,2365.63,1470.53
1843,725.76,1387.58
1844,3338.5,1137.02
1845,2317.25,1290.82
1846,4373.57,940.032
1847,3915.65,1734.91
1848,1022.98,1524.1
1849,437.184,1397.95
1850,307.584,1292.54
1851,438.912,1292.54
1852,485.568,1292.54
1853,3874.18,1708.99
1854,3727.3,1797.12
1855,1724.54,547.776
1856,3203.71,2248.13
1857,969.408,1496.45
1858,2296.51,1292.54
1859,4451.33,933.12
1860,464.832,1396.22
1861,535.68,1294.27
1862,1479.17,1137.02
1863,4492.8,933.12
1864,4468.61,938.304
1865,4380.48,938.304
1866,1256.26,2004.48
1867,376.704,1299.46
1868,635.904,1798.85
1869,2353.54,1304.64
1870,651.456,1392.77
1871,1175.04,1959.55
1872,411.264,1392.77
1873,1221.7,1959.55
1874,425.088,1392.77
1875,563.328,1304.64
1876,1178.5,1961.28
1877,4019.33,1816.13
1878,468.288,1302.91
1879,3324.67,1131.84
1880,646.272,1817.86
1881,2372.54,1302.91
1882,2509.06,1598.4
1883,482.112,1354.75
1884,317.952,1358.21
1885,1114.56,1767.74
1886,354.24,1358.21
1887,2113.34,1372.03
1888,393.984,1359.94
1889,2158.27,1359.94
1890,1223.42,1987.2
1891,2071.87,1372.03
1892,603.072,1757.38
1893,402.624,1372.03
1894,393.984,1368.58
1895,578.88,1363.39
1896,2128.9,1363.39
1897,4173.12,2116.8
1898,2099.52,1366.85
1899,2154.82,1363.39
1900,508.032,1366.85
1901,347.328,1366.85
1902,4269.89,986.688
1903,473.472,1366.85
1904,366.336,1366.85
1905,964.224,1503.36
1906,412.992,1366.85
1907,983.232,1434.24
1908,518.4,1435.97
1909,4031.42,1235.52
1910,551.232,1437.7
1911,1140.48,1437.7
1912,3749.76,1786.75
1913,689.472,1439.42
1914,4029.7,1776.38
1915,2218.75,1446.34
1916,464.832,1389.31
1917,2229.12,1441.15
1918,3219.26,2374.27
1919,590.976,1760.83
1920,3222.72,2367.36
1921,1017.79,1446.34
1922,1187.14,1444.61
1923,2301.7,1484.35
1924,2154.82,1176.77
1925,259.2,1349.57
1926,3907.01,1734.91
1927,3278.02,2334.53
1928,373.248,1365.12
1929,4396.03,929.664
1930,1131.84,1422.14
1931,219.456,1261.44
1932,3179.52,2351.81
1933,3706.56,1805.76
1934,2303.42,1456.7
1935,582.336,1745.28
1936,3162.24,2339.71
1937,283.392,1327.1
1938,324.864,1327.1
1939,2255.04,1451.52
1940,4385.66,938.304
1941,4439.23,926.208
1942,675.648,1850.69
1943,4392.58,934.848
1944,551.232,1468.8
1945,2804.54,881.28
1946,342.144,1359.94
1947,1270.08,1975.1
1948,3257.28,2362.18
1949,3143.23,2270.59
1950,4084.99,921.024
1951,418.176,1396.22
1952,2731.97,573.696
1953,3974.4,1147.39
1954,428.544,1373.76
1955,3169.15,2327.62
1956,1416.96,1057.54
1957,1461.89,1114.56
1958,323.136,1302.91
1959,3182.98,2277.5
1960,1238.98,1994.11
1961,4131.65,1434.24
1962,3165.7,2291.33
1963,4067.71,1176.77
1964,1219.97,1985.47
1965,2037.31,767.232
1966,3355.78,1145.66
1967,1550.02,1233.79
1968,653.184,1838.59
1969,1131.84,1935.36
1970,2754.43,568.512
1971,1404.86,1045.44
1972,373.248,1259.71
1973,278.208,1268.35
1974,2263.68,179.712
1975,539.136,1353.02
1976,3704.83,1565.57
1977,1843.78,1892.16
1978,2244.67,432
1979,3174.34,2318.98
1980,411.264,1308.1
1981,718.848,1396.22
1982,321.408,1311.55
1983,4142.02,1289.09
1984,3203.71,2348.35
1985,2384.64,1292.54
1986,3312.58,2586.82
1987,2823.55,881.28
1988,3504.38,1733.18
1989,3431.81,1714.18
1990,988.416,1715.9
1991,1276.99,1985.47
1992,3124.22,2299.97
1993,1195.78,1883.52
1994,255.744,1344.38
1995,665.28,1835.14
1996,3094.85,2299.97
1997,300.672,1280.45
1998,2519.42,195.264
1999,1296,1869.7
2000,673.92,1365.12
2001,338.688,1216.51
2002,2009.66,1237.25
2003,2109.89,1529.28
2004,582.336,1731.46
2005,1173.31,1809.22
2006,1152.58,1869.7
2007,110.592,1420.42
2008,2422.66,1484.35
2009,3203.71,2317.25
2010,1358.21,1912.9
2011,426.816,1306.37
2012,1662.34,571.968
2013,679.104,1850.69
2014,250.56,1247.62
2015,4112.64,1017.79
2016,1425.6,1067.9
2017,2002.75,1252.8
2018,4126.46,867.456
2019,1302.91,1876.61
2020,3212.35,2341.44
2021,3067.2,1752.19
2022,1434.24,1080
2023,3863.81,872.64
2024,3346.79,1136.33
2025,522.547,1289.78
2026,360.806,1347.84
2027,3939.84,1745.97
2028,2113,1372.72
2029,337.997,1310.52
2030,642.816,1810.25
2031,483.149,1356.13
2032,549.504,1437.01
2033,383.616,1381.02
2034,3964.72,2511.13
2035,2019.69,1215.13
2036,429.235,1412.12
2037,300.672,1219.28
2038,3917.03,1731.46
2039,2009.32,1223.42
2040,1731.46,2208.38
2041,2301.7,1482.62
2042,2262.3,1351.99
2043,410.573,1368.58
2044,1509.58,943.488
2045,3715.89,1801.96
2046,2258.15,1447.37
2047,402.278,1372.72
2048,3975.09,1138.41
2049,549.504,1468.11
2050,393.984,1368.58
2051,4452.02,922.752
2052,537.062,1296
2053,2757.89,1264.9
2054,1125.96,1526.17
2055,2042.5,1190.25
2056,333.85,1258.68
2057,288.23,1273.19
2058,3307.39,1138.41
2059,3873.49,1708.65
2060,377.395,1354.06
2061,375.322,1378.94
2062,230.17,1248.31
2063,1225.5,1455.67
2064,2040.42,1339.55
2065,423.014,1250.38
2066,564.019,1304.29
2067,3966.8,1775
2068,474.854,1420.42
2069,277.862,1242.09
2070,4472.76,928.973
2071,2245.71,1472.26
2072,2183.5,1318.81
2073,3120.77,2316.21
2074,3328.13,1123.89
2075,379.469,1250.38
2076,2291.33,1488.84
2077,3865.19,1700.35
2078,1387.24,1028.51
2079,406.426,1376.87
2080,2224.97,1439.08
2081,3977.17,1789.52
2082,2264.37,1347.84
2083,420.941,1242.09
2084,665.626,1374.8
2085,3877.63,1702.43
2086,3323.98,1132.19
2087,510.106,1430.78
2088,3906.66,1762.56
2089,3767.73,630.375
2090,1192.32,1945.04
2091,3736.63,1789.52
2092,3726.26,1797.81
2093,493.517,1395.53
2094,582.682,1349.91
2095,4489.34,928.973
2096,348.365,1366.5
2097,4269.54,987.034
2098,2229.12,1441.15
2099,2144.1,1179.88
2100,4449.95,933.12
2101,553.651,1426.64
2102,2363.9,1470.18
2103,2154.47,1177.8
2104,3218.23,2256.08
2105,364.954,1213.06
2106,371.174,1364.43
2107,4360.78,1275.26
2108,2127.51,1325.03
2109,389.837,1376.87
2110,2117.15,1192.32
2111,2301.7,1455.67
2112,435.456,1397.61
2113,2113,1190.25
2114,3336.42,1136.33
2115,765.159,1383.09
2116,2154.47,1320.88
2117,236.39,1250.38
2118,2098.48,1329.18
2119,393.984,1360.28
2120,402.278,1387.24
2121,725.76,1387.24
2122,466.56,1304.29
2123,464.486,1389.31
2124,1188.17,1443.23
2125,3411.07,1665.1
2126,3249.33,1646.44
2127,541.21,1331.25
2128,418.867,1393.46
2129,412.646,1246.23
2130,425.088,1393.46
2131,267.494,1262.82
2132,501.811,1395.53
2133,483.149,1397.61
2134,499.738,1420.42
2135,982.887,1434.93
2136,464.486,1399.68
2137,367.027,1333.32
2138,474.854,1403.83
2139,603.418,1403.83
2140,321.408,1327.1
2141,2025.91,1206.84
2142,354.586,1356.13
2143,642.816,1335.4
2144,2069.45,1335.4
2145,657.331,1341.62
2146,460.339,1410.05
2147,910.311,1410.05
2148,4275.76,2086.04
2149,4472.76,918.605
2150,2036.28,1198.54
2151,3691.01,1795.74
2152,3747,1785.37
2153,485.222,1291.85
2154,263.347,1252.45
2155,470.707,1368.58
2156,651.11,1826.84
2157,1322.96,2025.91
2158,943.488,1497.14
2159,3187.12,2351.46
2160,1499.21,976.666
2161,537.062,1354.06
2162,439.603,1403.83
2163,4172.08,2117.15
2164,2048.72,1181.95
2165,3201.64,2349.39
2166,545.357,1449.45
2167,2100.56,1368.58
2168,219.802,1260.75
2169,2351.46,1304.29
2170,3958.5,2509.06
2171,578.534,1743.9
2172,3485.72,1899.42
2173,3355.09,1140.48
2174,4084.99,922.752
2175,2042.5,833.587
2176,4358.71,1279.41
2177,1157.07,1932.6
2178,588.902,1399.68
2179,306.893,1351.99
2180,1132.19,1934.67
2181,3201.64,2247.78
2182,651.11,1414.2
2183,1368.58,1011.92
2184,862.618,1395.53
2185,3985.46,1117.67
2186,230.17,1266.97
2187,4014.49,1799.89
2188,4379.44,939.341
2189,4217.7,995.328
2190,970.445,1497.14
2191,1316.74,2036.28
2192,236.39,1318.81
2193,590.976,1760.49
2194,630.375,1416.27
2195,3247.26,2349.39
2196,4078.77,1804.03
2197,2137.88,1186.1
2198,653.184,1837.21
2199,4058.04,1824.77
2200,1132.19,1422.49
2201,2011.39,1345.77
2202,1760.49,2220.83
2203,1252.45,2003.1
2204,3346.79,1171.58
2205,3180.9,2276.81
2206,617.933,1327.1
2207,1812.33,2239.49
2208,2158.62,1360.28
2209,1142.55,1437.01
2210,508.032,1385.17
2211,578.534,1362.36
2212,617.933,1795.74
2213,3178.83,2351.46
2214,4047.67,1202.69
2215,3218.23,2374.27
2216,3827.87,1700.35
2217,271.642,1217.2
2218,4491.42,933.12
2219,1242.09,1996.88
2220,447.898,1383.09
2221,2818.02,1123.89
2222,1889.05,1555.2
2223,3975.09,1673.4
2224,644.89,1818.55
2225,1181.95,1439.08
2226,690.509,1441.15
2227,3981.31,947.635
2228,327.629,1213.06
2229,1018.14,1445.3
2230,2374.27,188.698
2231,3906.66,1750.12
2232,508.032,1366.5
2233,3767.73,617.933
2234,364.954,1366.5
2235,620.006,1791.59
2236,362.88,1354.06
2237,651.11,1393.46
2238,3885.93,1198.54
2239,3315.69,1119.74
2240,964.224,1503.36
2241,2154.47,1364.43
2242,2129.59,1364.43
2243,4337.97,1237.94
2244,1177.8,1961.63
2245,250.906,1248.31
2246,4385.66,939.341
2247,2036.28,790.042
2248,4066.33,1177.8
2249,1210.98,1978.21
2250,3174.68,2318.29
2251,497.664,1405.9
2252,2359.76,1339.55
2253,221.875,1329.18
2254,4172.08,1420.42
2255,420.941,1414.2
2256,1548.98,1233.79
2257,4118.17,1254.53
2258,3143.58,2272.67
2259,255.053,1345.77
2260,989.107,1716.94
2261,603.418,1758.41
2262,3212.01,2341.09
2263,2519.42,196.992
2264,1223.42,1986.51
2265,1293.93,1870.39
2266,3207.86,1449.45
2267,4018.64,1816.47
2268,439.603,1291.85
2269,1266.97,1974.07
2270,3346.79,1159.14
2271,595.123,1748.05
2272,3950.21,1082.42
2273,1022.28,1524.1
2274,1235.87,1974.07
2275,1416.27,1057.54
2276,1298.07,1998.95
2277,1096.93,1909.79
2278,3095.89,2299.62
2279,2036.28,767.232
2280,1714.87,1490.92
2281,2803.51,881.28
2282,2256.08,1466.04
2283,4493.49,916.531
2284,412.646,1308.44
2285,4406.4,926.899
2286,4029.01,1775
2287,4022.78,1240.01
2288,2262.3,180.403
2289,3813.35,350.438
2290,377.395,1298.07
2291,2316.21,1343.69
2292,1219.28,1959.55
2293,342.144,1358.21
2294,4178.3,1880.76
2295,1602.89,568.167
2296,3129.06,2220.83
2297,327.629,1316.74
2298,2336.95,1339.55
2299,673.92,1366.5
2300,3753.22,346.291
2301,3164.31,2291.33
2302,2287.18,1349.91
2303,379.469,1312.59
2304,427.162,1374.8
2305,2316.21,1289.78
2306,3166.39,2326.58
2307,4400.18,941.415
2308,1424.56,1067.9
2309,2370.13,1509.58
2310,3230.67,2382.57
2311,308.966,1293.93
2312,1660.95,572.314
2313,2357.68,188.698
2314,2334.87,1287.71
2315,3156.02,2256.08
2316,2730.93,572.314
2317,717.466,1395.53
2318,3104.18,2289.25
2319,3133.21,2229.12
2320,1843.43,1891.12
2321,2032.13,790.042
2322,2187.65,1356.13
2323,717.466,1451.52
2324,3311.54,2585.78
2325,337.997,1217.2
2326,2453.07,223.949
2327,3257.63,2361.83
2328,3124.92,2309.99
2329,2930,1343.69
2330,4194.89,1231.72
2331,4167.94,1416.27
2332,2295.48,1293.93
2333,2492.47,201.139
2334,3504.38,1733.53
2335,2316.21,184.55
2336,1202.69,1967.85
2337,3201.64,2363.9
2338,288.645,1274.02
2339,378.225,1249.14
2340,622.08,1326.27
2341,2112.58,1189.42
2342,470.293,1368.58
2343,4277.42,2085.21
2344,552.407,1425.81
2345,666.87,1373.55
2346,423.014,1363.6
2347,1132.19,1425.81
2348,2366.39,1515.39
2349,482.734,1398.44
2350,3976.34,1137.16
2351,427.991,1413.37
2352,425.503,1393.46
2353,534.989,1420.83
2354,440.433,1383.51
2355,276.204,1241.67
2356,472.781,1403.41
2357,3976.34,1789.1
2358,582.267,1348.67
2359,395.643,1368.58
2360,542.454,1331.25
2361,2035.45,1199.37
2362,1020.21,1445.71
2363,3909.15,1764.22
2364,1127.21,1525.34
2365,689.265,1438.25
2366,420.526,1241.67
2367,2027.98,1206.84
2368,2010.56,1221.77
2369,604.662,1403.41
2370,656.917,1341.2
2371,465.316,1303.88
2372,763.914,1383.51
2373,268.739,1264.07
2374,370.76,1366.09
2375,3909.15,1751.78
2376,3909.15,1734.36
2377,3961.41,2508.23
2378,3874.32,1706.99
2379,3727.5,1796.57
2380,562.36,1303.88
2381,3249.75,1647.27
2382,350.853,1366.09
2383,2112.58,1373.55
2384,910.725,1408.39
2385,701.706,1415.85
2386,537.477,1296.42
2387,3919.1,1734.36
2388,579.779,1361.11
2389,2134.98,1191.91
2390,465.316,1388.48
2391,465.316,1398.44
2392,500.152,1395.95
2393,3700.13,1786.61
2394,368.271,1333.74
2395,365.783,1214.3
2396,333.435,1259.09
2397,400.62,1385.99
2398,982.887,1433.27
2399,393.155,1361.11
2400,221.461,1259.09
2401,1507.92,943.073
2402,1189.42,1440.74
2403,1729.38,2209.63
2404,863.447,1393.46
2405,641.987,1336.23
2406,2018.03,1214.3
2407,3217.4,2256.91
2408,485.223,1356.13
2409,3939.01,1746.8
2410,3715.06,1801.54
2411,3411.49,1664.69
2412,485.223,1291.44
2413,2042.91,1189.42
2414,4449.12,933.12
2415,2363.9,1470.6
2416,619.592,1318.81
2417,360.806,1346.18
2418,522.547,1288.95
2419,410.573,1246.65
2420,724.101,1388.48
2421,410.573,1368.58
2422,2152.4,1176.98
2423,1224.25,1455.67
2424,298.598,1219.28
2425,2301.7,1455.67
2426,233.902,1249.14
2427,400.62,1371.06
2428,437.944,1376.04
2429,1181.95,1438.25
2430,2047.89,1181.95
2431,651.94,1413.37
2432,3866.85,1699.52
2433,4451.61,923.167
2434,452.874,1326.27
2435,2508.23,313.528
2436,1092.37,1906.05
2437,1667.17,567.337
2438,2032.96,788.798
2439,1251.63,1975.73
2440,3692.67,1796.57
2441,1206.84,1958.31
2442,1114.77,1415.85
2443,4217.7,1032.65
2444,2508.23,1597.5
2445,2856.59,1316.32
2446,4195.31,1231.72
2447,674.335,1366.09
2448,2003.1,1251.63
2449,505.129,1366.09
2450,2264.37,1346.18
2451,2040.42,831.099
2452,2154.89,1321.3
2453,2100.14,1368.58
2454,256.297,1231.72
2455,1224.25,1983.19
2456,2037.93,783.821
2457,3983.8,1117.26
2458,363.295,1366.09
2459,619.592,1796.57
2460,3180.07,2351.46
2461,1204.35,1965.77
2462,3794.69,617.104
2463,3767.32,617.104
2464,3145.24,2271.84
2465,2376.35,263.762
2466,2339.02,263.762
2467,3486.14,1898.59
2468,970.445,1497.97
2469,3508.53,1734.36
2470,338.412,1216.79
2471,2264.37,181.647
2472,992.84,1438.25
2473,510.106,1418.34
2474,2284.28,256.297
2475,589.732,1398.44
2476,2759.55,557.384
2477,1500.46,977.91
2478,3219.89,2373.86
2479,2373.86,189.112
2480,1423.32,1067.49
2481,3177.59,2319.11
2482,2520.67,196.577
2483,1385.99,1027.68
2484,641.987,1811.5
2485,1316.32,2035.45
2486,1097.35,1908.54
2487,3180.07,2276.81
2488,544.942,1448.2
2489,2040.42,1338.72
2490,2259.4,1448.2
2491,3306.98,1137.16
2492,1184.44,1940.89
2493,577.29,1741.82
2494,465.316,1430.78
2495,2259.4,1351.16
2496,2339.02,256.297
2497,3212.42,2339.02
2498,1888.64,1555.2
2499,4491.42,933.12
2500,990.352,1716.94
2501,271.227,1216.79
2502,651.94,1836.38
2503,1254.11,2000.61
2504,308.552,1293.93
2505,2097.65,1328.76
2506,338.412,1308.86
2507,231.414,1264.07
2508,2127.51,1323.79
2509,3973.85,1674.64
2510,4362.03,1276.51
2511,1045.09,1878.68
2512,4269.96,985.375
2513,3202.47,2246.95
2514,261.274,1251.63
2515,3966.38,2510.72
2516,2010.56,1343.69
2517,437.944,1293.93
2518,497.664,1405.9
2519,1191.91,1943.38
2520,2070.28,1333.74
2521,594.709,1749.29
2522,325.97,1211.81
2523,2182.26,1316.32
2524,375.736,1353.65
2525,4474,918.19
2526,3737.46,380.713
2527,281.18,1336.23
2528,649.452,1393.46
2529,537.477,1353.65
2530,943.073,1495.48
2531,507.617,1383.51
2532,629.545,1415.85
2533,4065.92,1179.46
2534,1241.67,1978.21
2535,2453.48,223.949
2536,3083.03,2261.88
2537,221.461,1328.76
2538,4133.1,1219.28
2539,3804.64,350.853
2540,373.248,1259.09
2541,3247.26,2348.97
2542,1027.68,1450.69
2543,3192.52,2304.18
2544,1159.56,1930.94
2545,1826.43,2244.47
2546,4172.91,2117.56
2547,1022.7,1759.24
2548,589.732,1759.24
2549,4374.47,1266.56
2550,661.893,1846.33
2551,2229.54,1440.74
2552,2373.86,236.39
2553,1219.28,1958.31
2554,1296.42,1893.61
2555,427.991,1306.37
2556,1659.71,569.825
2557,4085.82,920.679
2558,3966.38,1776.66
2559,276.204,1209.32
2560,3752.39,345.877
2561,4118.17,1254.11
2562,1303.88,1878.68
2563,716.636,1395.95
2564,1241.67,1993.14
2565,2545.55,318.505
2566,301.087,1279
2567,4016.15,1801.54
2568,2888.94,1851.31
2569,2035.45,766.403
2570,716.636,1450.69
2571,2732.18,572.314
2572,413.061,1308.86
2573,320.993,1326.27
2574,3874.32,333.435
2575,1129.7,1933.43
2576,1403.41,1045.09
2577,2301.7,1483.04
2578,2784.43,920.679
2579,3257.21,2361.42
2580,2301.7,184.136
2581,2264.37,226.437
2582,2281.79,228.925
2583,306.063,1351.16
2584,744.008,1448.2
2585,4217.7,995.328
2586,2244.47,1473.09
2587,1311.34,2013.05
2588,4245.07,2030.47
2589,2458.46,206.531
2590,3981.31,948.05
2591,1547.74,1234.21
2592,2540.58,268.739
2593,2187.23,1356.13
2594,2358.93,189.112
2595,2157.37,1358.62
2596,2784.43,793.774
2597,962.98,1502.95
2598,632.033,1433.27
2599,1385.99,1911.03
2600,379.22,1251.13
2601,549.421,1424.31
2602,943.571,1492.99
2603,3144.24,2269.35
2604,2538.09,268.739
2605,579.281,1358.62
2606,964.473,1427.3
2607,2033.46,767.398
2608,2045.4,719.622
2609,761.426,1382.51
2610,716.636,1394.45
2611,394.15,1361.61
2612,2009.57,1221.27
2613,618.099,1328.76
2614,3938.51,1122.73
2615,2541.07,247.837
2616,534.491,1418.34
2617,2782.94,791.286
2618,2361.91,1469.1
2619,1994.64,1278
2620,1322.79,2021.51
2621,429.982,1304.88
2622,3798.17,376.234
2623,429.982,1412.37
2624,650.945,1833.39
2625,4165.45,1263.07
2626,540.463,1331.75
2627,462.828,1301.89
2628,2756.06,1263.07
2629,3971.36,1675.14
2630,639.001,1334.74
2631,3983.3,1116.76
2632,656.917,1340.71
2633,3974.35,1785.62
2634,4452.1,922.669
2635,4275.93,2084.22
2636,674.833,1364.6
2637,313.528,1298.9
2638,543.449,1445.22
2639,337.416,1307.86
2640,1206.34,1964.78
2641,3977.33,1134.67
2642,2263.38,182.145
2643,630.043,1412.37
2644,268.739,1263.07
2645,534.491,1295.92
2646,4449.12,931.627
2647,229.921,1263.07
2648,4487.94,931.627
2649,585.253,1343.69
2650,483.73,1292.93
2651,438.94,1292.93
2652,3908.65,1734.86
2653,3248.75,1645.28
2654,2490.31,200.061
2655,361.304,1346.68
2656,1934.92,815.174
2657,1504.94,943.571
2658,2039.43,830.104
2659,1018.22,1445.22
2660,4266.97,985.375
2661,3935.53,1746.8
2662,519.561,1289.95
2663,1424.31,540.463
2664,2263.38,1346.68
2665,2302.19,1460.15
2666,220.963,1260.09
2667,409.08,1367.58
2668,3959.42,2508.23
2669,373.248,1257.1
2670,373.248,1352.65
2671,337.416,1257.1
2672,3917.61,1731.87
2673,471.786,1367.58
2674,2149.91,1176.48
2675,486.716,1355.64
2676,298.598,1278
2677,397.136,1370.57
2678,2454.48,223.949
2679,537.477,1355.64
2680,510.603,1415.36
2681,289.641,1272.03
2682,4374.47,1266.06
2683,3407.01,1663.19
2684,3192.02,2302.19
2685,3197.99,2245.46
2686,3908.65,1764.72
2687,606.155,1403.41
2688,1824.44,2245.46
2689,910.725,1409.38
2690,1027.18,1448.2
2691,4219.2,994.333
2692,2045.4,1182.45
2693,3741.44,373.248
2694,4192.32,1230.23
2695,471.786,1400.43
2696,2505.24,1594.52
2697,1275.02,2012.55
2698,1095.86,1905.06
2699,668.861,1373.55
2700,862.95,1391.47
2701,2463.44,241.865
2702,271.725,1215.3
2703,1188.42,1439.24
2704,692.748,1439.24
2705,4216.21,1033.15
2706,3177.09,2317.12
2707,722.608,1385.5
2708,4063.93,1179.46
2709,991.347,1436.26
2710,2015.54,1212.31
2711,1185.44,1940.89
2712,985.375,1433.27
2713,2111.09,1373.55
2714,298.598,1218.28
2715,588.239,1397.44
2716,698.72,1415.36
2717,1051.07,1881.17
2718,1149.6,1430.29
2719,501.645,1397.44
2720,3980.32,946.557
2721,2042.41,1188.42
2722,1131.69,1424.31
2723,3872.82,1702.01
2724,367.276,1212.31
2725,256.795,1230.23
2726,2281.29,256.795
2727,1239.18,1976.72
2728,322.486,1212.31
2729,2338.03,256.795
2730,1218.28,1463.13
2731,4243.08,2030.47
2732,3212.92,2254.42
2733,2131.99,1191.41
2734,2358.93,259.781
2735,480.744,1397.44
2736,1224.25,1454.17
2737,2544.06,316.514
2738,4046.01,1206.34
2739,2114.08,1191.41
2740,3180.07,2275.32
2741,2287.26,1487.02
2742,650.945,1394.45
2743,232.907,1248.14
2744,1382.51,1027.18
2745,2338.03,262.767
2746,2373.86,262.767
2747,2027.48,1203.35
2748,277.697,1242.17
2749,409.08,1245.16
2750,1206.34,1958.81
2751,507.617,1382.51
2752,2508.23,313.528
2753,412.066,1307.86
2754,2759.05,555.393
2755,588.239,1755.76
2756,504.631,1364.6
2757,1501.95,976.417
2758,4114.69,1254.11
2759,1158.56,1928.95
2760,1385.5,1911.03
2761,3804.14,349.36
2762,988.361,1716.94
2763,2490.31,244.851
2764,1295.92,1890.13
2765,382.206,1310.85
2766,319.5,1278
2767,3162.16,2290.25
2768,2263.38,295.612
2769,650.945,1415.36
2770,3045.7,1797.56
2771,4266.97,994.333
2772,2126.02,1322.79
2773,641.987,1809.51
2774,397.136,1385.5
2775,3305.49,1134.67
2776,2129.01,1364.6
2777,594.211,1746.8
2778,3215.91,2338.03
2779,2033.46,788.3
2780,3965.39,2508.23
2781,1242.17,1991.65
2782,1233.21,1955.82
2783,3872.82,331.444
2784,2299.21,185.131
2785,3132.3,2218.59
2786,3308.47,2314.14
2787,2729.19,570.323
2788,716.636,1448.2
2789,2770.99,755.454
2790,4389.4,1451.19
2791,1313.83,2033.46
2792,3269.65,2346.98
2793,2373.86,191.103
2794,2152.9,1319.81
2795,1546.74,1233.21
2796,3197.99,2317.12
2797,3248.75,2346.98
2798,4338.64,1239.18
2799,1289.95,1869.23
2800,3920.6,352.346
2801,3893.72,298.598
2802,4470.02,919.683
2803,2818.77,1125.72
2804,3251.74,2361.91
2805,316.514,1313.83
2806,579.281,1740.83
2807,2099.15,1367.58
2808,220.963,1328.76
2809,4129.62,1230.23
2810,3890.74,334.43
2811,1254.11,2000.61
2812,3484.64,1899.09
2813,746.496,1445.22
2814,4084.83,919.683
2815,2281.29,226.935
2816,2039.43,1337.72
2817,4138.57,1263.07
2818,404.9,1368.78
2819,2339.82,257.989
2820,1150.2,1490.6
2821,2504.64,1594.52
2822,225.74,1261.28
2823,515.978,1289.95
2824,2361.32,261.572
2825,4063.33,1182.45
2826,275.905,1214.7
2827,3210.53,2257.4
2828,587.642,1397.44
2829,2372.07,261.572
2830,480.146,1293.53
2831,1422.52,544.644
2832,1203.95,1952.83
2833,1218.28,1465.52
2834,3232.03,2350.57
2835,1021.21,1408.19
2836,408.483,1246.95
2837,1196.78,1967.17
2838,3178.28,2318.32
2839,372.651,1257.7
2840,505.229,1365.19
2841,2486.73,311.737
2842,584.059,1343.69
2843,275.905,1264.86
2844,458.647,1304.28
2845,397.733,1372.36
2846,318.903,1214.7
2847,623.474,1329.36
2848,4220.99,992.541
2849,695.137,1440.44
2850,1429.69,533.894
2851,3873.42,1702.01
2852,2042.41,1186.03
2853,2264.57,182.742
2854,2035.25,788.3
2855,2110.49,1379.53
2856,254.406,1254.11
2857,1605.27,1487.02
2858,1275.61,2013.75
2859,369.068,1211.12
2860,429.982,1304.28
2861,655.722,1343.69
2862,867.13,1393.86
2863,2518.98,197.075
2864,4242.49,2031.66
2865,2490.31,200.658
2866,1024.79,1447.61
2867,3196.2,2303.99
2868,4192.32,1232.61
2869,1221.86,1454.77
2870,336.819,1307.86
2871,1504.94,945.96
2872,4213.82,1031.96
2873,4486.14,931.627
2874,580.475,1358.03
2875,1236.2,1977.92
2876,415.649,1307.86
2877,4450.31,924.461
2878,3303.69,2314.74
2879,2264.57,297.404
2880,1182.45,1942.08
2881,3909.25,1734.26
2882,300.987,1275.61
2883,2146.33,1175.28
2884,619.89,1318.61
2885,4267.57,988.958
2886,3407.61,1666.18
2887,376.234,1250.53
2888,297.404,1218.28
2889,1189.62,1440.44
2890,275.905,1243.36
2891,4278.32,2085.41
2892,1128.7,1426.11
2893,533.894,1358.03
2894,720.22,1386.69
2895,913.711,1408.19
2896,2028.08,1200.37
2897,2544.06,315.32
2898,3980.92,1117.95
2899,2042.41,831.298
2900,3146.03,2271.74
2901,3920,1734.26
2902,293.821,1272.03
2903,637.806,1336.53
2904,311.737,1293.53
2905,3977.33,1135.87
2906,985.375,1433.27
2907,2536.89,268.739
2908,2490.31,243.656
2909,698.72,1415.36
2910,3178.28,2278.9
2911,2544.06,247.24
2912,469.397,1368.78
2913,1207.53,1963.58
2914,2031.66,766.801
2915,2515.39,268.739
2916,2465.23,240.073
2917,487.313,1354.44
2918,2131.99,1189.62
2919,3249.95,1648.26
2920,2282.49,254.406
2921,3196.2,2246.66
2922,372.651,1354.44
2923,508.812,1383.11
2924,605.558,1404.61
2925,759.635,1383.11
2926,1150.2,1429.69
2927,963.876,1426.11
2928,541.06,1332.94
2929,537.477,1297.11
2930,440.731,1293.53
2931,1128.7,1526.44
2932,2271.74,286.655
2933,627.057,1411.77
2934,537.477,1422.52
2935,2311.15,290.238
2936,3267.86,2346.98
2937,2006.58,723.803
2938,1383.11,1028.37
2939,2275.32,265.155
2940,3980.92,945.96
2941,1934.92,816.965
2942,1178.87,1501.35
2943,4339.23,1239.78
2944,322.486,1279.2
2945,2282.49,200.658
2946,1297.11,2020.91
2947,3891.34,300.987
2948,3156.78,2221.57
2949,3737.26,379.817
2950,4163.66,1261.28
2951,1383.11,1913.42
2952,1315.03,2035.25
2953,361.901,1304.28
2954,2289.65,1487.02
2955,3196.2,2318.32
2956,3249.95,2361.32
2957,3973.75,1784.42
2958,254.406,1232.61
2959,3249.95,2350.57
2960,1221.86,1981.5
2961,2006.58,759.635
2962,3214.11,2339.82
2963,4375.06,1264.86
2964,3898.5,1762.93
2965,4081.24,1777.26
2966,3160.37,2289.65
2967,222.157,1329.36
2968,2046,720.22
2969,2780.55,791.883
2970,652.139,1393.86
2971,3798.17,372.651
2972,2454.48,225.74
2973,1297.11,1891.92
2974,426.399,1415.36
2975,2300.4,182.742
2976,3085.12,2260.99
2977,3765.92,383.4
2978,369.068,1286.36
2979,2436.56,1225.45
2980,942.377,1494.19
2981,4457.48,942.377
2982,1178.87,1956.42
2983,383.4,1311.44
2984,2490.31,214.991
2985,3973.75,1684.1
2986,4131.41,1221.86
2987,2311.15,268.739
2988,2357.73,189.909
2989,3232.03,2339.82
2990,988.958,1719.93
2991,2730.38,569.726
2992,652.139,1415.36
2993,2880.88,1863.25
2994,3045.7,1798.76
2995,3748.01,343.985
2996,2332.65,229.324
2997,544.644,1447.61
2998,3920,354.735
2999,1694.84,544.644
